Names,Contact,Email,address
Dada Dave,691560509,dadadave@helpinghands.cm,yaounde
Davempele,691560510,davempele@helpinghands.cm,yaounde
Xavie bel,691560511,xaviebel@helpinghands.cm,yaounde
Letie chou,691560512,letiechou@helpinghands.cm,yaounde
Henriette mp,691560513,henriettemp@helpinghands.cm,yaounde
dada bass,691560514,dadabass@helpinghands.cm,yaounde
Gracie bass,691560515,graciebass@helpinghands.cm,yaounde
angele goss,691560516,angelegoss@helpinghands.cm,yaounde
erica ebela,691560517,ericaebela@helpinghands.cm,yaounde
elsa ebela,691560518,elsaebela@helpinghands.cm,yaounde
ayina arthur,691560519,ayinaarthur@helpinghands.cm,yaounde
abdul aziz,691560520,abdoulaziz@helpinghands.cm,yaounde
danielle tcha,691560521,danielletch@helpinghands.cm,yaounde
darnelle youg,691560522,darnelyoug@helpinghands.cm,yaounde
chantal mak,691560523,chantalmak@helpinghands.cm,yaounde
joe bass,691560524,joebass@helpinghands.cm,yaounde
pinko israel,691560525,pinkoisrael@helpinghands.cm,yaounde
joseph mba,691560526,josephmb@helpinghands.cm,yaounde
timothe mba,691560527,timothemb@helpinghands.cm,yaounde
sonia mp,691560528,sonniamp@helpinghands.cm,yaounde
timmy mp,691560529,timmymp@helpinghands.cm,yaounde
lydia dom,691560530,lydiadom@helpinghands.cm,yaounde
theddy dom,691560531,theddydom@helpinghands.cm,yaounde
Asael ng,691560532,asaelng@helpinghands.cm,yaounde
enzo hasael,691560533,enzohasael@helpinghands.cm,yaounde
laura mp,691560534,lauramp@helpinghands.cm,yaounde
mado nl,691560535,madonl@helpinghands.cm,yaounde
josue mp ,691560536,josuemp@helpinghands.cm,yaounde
juvice an,691560537,juvicean@helpinghands.cm,yaounde
king dave,691560538,kingdave@helpinghands.cm,yaounde
