Dada Dave,691560509,dadadave@handsinhands.org,yaounde
Davempele,691560510,davempele@handsinhands.org,yaounde
Xavie bel,691560511,xaviebel@handsinhands.org,yaounde
Letie chou,691560512,letiechou@handsinhands.org,yaounde
Henriette mp,691560513,henriettemp@handsinhands.org,yaounde
dada bass,691560514,dadabass@handsinhands.org,yaounde
Gracie bass,691560515,graciebass@handsinhands.org,yaounde
angele goss,691560516,angelegoss@handsinhands.org,yaounde
erica ebela,691560517,ericaebela@handsinhands.org,yaounde
elsa ebela,691560518,elsaebela@handsinhands.org,yaounde
ayina arthur,691560519,ayinaarthur@handsinhands.org,yaounde
abdul aziz,691560520,abdoulaziz@handsinhands.org,yaounde
danielle tcha,691560521,danielletch@handsinhands.org,yaounde
darnelle youg,691560522,darnelyoug@handsinhands.org,yaounde
chantal mak,691560523,chantalmak@handsinhands.org,yaounde
joe bass,691560524,joebass@handsinhands.org,yaounde
pinko israel,691560525,pinkoisrael@handsinhands.org,yaounde
joseph mba,691560526,josephmb@handsinhands.org,yaounde
timothe mba,691560527,timothemb@handsinhands.org,yaounde
sonia mp,691560528,sonniamp@handsinhands.org,yaounde
timmy mp,691560529,timmymp@handsinhands.org,yaounde
lydia dom,691560530,lydiadom@handsinhands.org,yaounde
theddy dom,691560531,theddydom@handsinhands.org,yaounde
Asael ng,691560532,asaelng@handsinhands.org,yaounde
enzo hasael,691560533,enzohasael@handsinhands.org,yaounde
laura mp,691560534,lauramp@handsinhands.org,yaounde
mado nl,691560535,madonl@handsinhands.org,yaounde
josue mp ,691560536,josuemp@handsinhands.org,yaounde
juvice an,691560537,juvicean@handsinhands.org,yaounde
king dave,691560538,kingdave@handsinhands.org,yaounde
